id;games;name
1;{18950, 18951, 74901, 6159, 6160, 23063, 11289, 20004, 20005, 20006, 12842, 62510, 64562, 12858, 20031, 2113, 4674, 14401, 17474, 17475, 17476, 5194, 5706, 23116, 4180, 4181, 4182, 76886, 26201, 8799, 22626, 114, 74866, 116, 118, 2681, 2682, 19577, 18044, 18046, 22655, 22656, 22657, 22658, 22659, 17030, 137, 139, 140, 141, 142, 143, 144, 145, 146, 147, 148, 149, 150, 151, 152, 153, 154, 155, 156, 157, 158, 159, 160, 161, 162, 163, 164, 165, 166, 167, 168, 169, 170, 171, 172, 173, 174, 13483, 19637, 6844, 190, 72396, 206, 210, 74963, 74964, 25304, 74976, 74979, 21739, 21743, 18161, 23293, 30979, 35596, 45334, 51486, 26401, 26404, 75559, 75560, 75561, 75562, 48939, 46892, 75564, 75565, 75566, 12594, 52877, 45379, 39751, 19272, 11083, 39245, 75085, 75086, 75087, 75088, 75089, 21335, 67944, 103273, 1386, 8560, 75120, 66424, 54649, 39822, 19869, 23976, 61864, 11178, 44463, 76721, 76722, 39351, 76730, 12732, 63429, 20937, 74700, 74701, 6606, 6607, 6608, 6609, 8147, 8148, 56979, 475, 476, 10203, 10204, 5599, 10205, 19419, 19429, 74895, 74896, 20470};Star Wars
2;{4932, 25862, 12156, 138, 22218, 10843, 183, 184, 185, 186, 187, 188, 189};Indiana Jones
3;{27652, 27653, 16999, 12009, 588, 9006, 270, 16402, 3862, 113208, 25820};Conan
4;{26625, 15913, 17463, 22909, 21054, 41839, 41052, 19865, 21628, 108156, 19080, 76430, 19600, 18068, 18069, 18070, 20655, 7356, 76160, 76163, 109276, 37087, 24288, 7398, 7399, 7400, 7413, 112885, 55034, 55035, 27410, 54550, 81206, 14144, 106819, 109461, 37193, 24400, 24405, 109465, 101214, 28002, 2406, 359, 2407, 2408, 22894, 22895, 22896, 9585, 22897, 22898, 22899, 22900, 22901, 22902, 22903, 22904, 14729, 22905, 22906, 22907, 22908, 383, 384, 385, 386, 387, 388, 389, 14723, 391, 392, 393, 394, 395, 396, 397, 398, 399, 400, 401, 402, 403, 2449, 405, 406, 407, 408, 409, 410, 411, 412, 413, 414, 415, 416, 417, 418, 419, 420, 421, 11169, 423, 75680, 425, 426, 427, 428, 37291, 24010, 11214, 36831, 113632, 19334, 19455};Final Fantasy
5;{7685, 4489, 7689, 3851, 18442, 43020, 10510, 45201, 112659, 14746, 4379, 15519, 41640, 15529, 10028, 19245, 42929, 2738, 6836, 51525, 21704, 79820, 14288, 14289, 2003, 7769, 26457, 7771, 5346, 4707, 20834, 22761, 5738, 5739, 5740, 19563, 12401, 1012, 500, 501, 3063, 3444, 19829, 5503};Batman
6;{111744, 257, 100354, 111745, 83844, 7045, 18310, 111746, 8713, 88461, 31633, 96402, 6293, 23579, 32667, 32668, 33186, 18980, 18086, 18726, 6058, 9389, 24113, 11450, 76731, 34620, 578, 34371, 17732, 30791, 7241, 17609, 30283, 31692, 32716, 7630, 9550, 465, 466, 467, 468, 469, 470, 26705, 29270, 30804, 32602, 26846, 6879, 7648, 12770, 11364, 12521, 4330, 30323, 76410, 86269};Warhammer 40,000
7;{3620, 11175, 8361, 555, 8015, 8016, 8017, 8018, 8019, 23676, 27995, 18361, 5242, 5243, 5244};Transformers
8;{8160, 8161, 8162, 6054, 12841, 3658, 4534, 566, 14552, 95033, 14555, 42942, 18815};Ghostbusters
9;{7360, 90689, 2114, 11171, 874, 908, 909, 910, 911, 14382, 28173, 562, 91311, 20573, 984, 77978, 1853};Tom Clancy
10;{6038, 293, 310, 19130, 9021, 9022, 52159, 3271, 3272, 15819, 10831, 8787, 863, 864, 865, 866, 867, 868, 869, 9197, 10743, 633, 634, 635};Sid Meier
11;{774, 3980, 106764, 27918, 7056, 3092, 2965, 78742, 19098, 1052, 2972, 2973, 27421, 21155, 70055, 9256, 70056, 25773, 10798, 10799, 10800, 11574, 22458, 46778, 81467, 3025, 3154, 3155, 3156, 7890, 7892, 21595, 21596, 24290, 6500, 52198, 4969, 4844, 50417, 4978, 77176};The Lord of the Rings
12;{900, 647, 648, 649, 650, 652, 663, 664, 670, 676, 295, 11571, 959, 321, 706, 707, 833, 50885, 340, 18785, 245, 18165, 759};Command & Conquer
13;{784, 785, 786, 5910, 5911, 13091, 11949, 1255, 19186, 19187, 19188, 19189, 19190, 19191, 19192, 19193, 19194, 19195, 19196};BattleTech
14;;MechWarrior
15;{104983, 28829, 801, 802, 803, 804, 805, 806, 807, 5943, 5944, 5945, 5946, 4027, 5051, 4028, 5052, 5053, 5947, 6848, 7103, 7104, 7105, 45515, 2898, 3547, 3548, 10075, 19806, 7785};NASCAR
16;{19712, 18819, 11525, 26772, 8995, 28836, 7717, 37285, 808, 809, 28081, 103218, 4031, 4029, 5054, 4030, 4032, 4033, 4034, 4035, 4036, 4037, 5056, 5057, 5058, 5061, 5059, 5063, 5329, 5330, 36957, 3553, 3554, 96487, 5950, 5951};NBA
18;{23946, 15376, 71059, 7193, 12319, 7584, 68129, 26019, 2228, 2229, 2230, 2231, 45878, 42942, 19519, 69831, 4168, 5193, 25160, 16975, 3280, 3281, 3282, 113621, 18902, 18904, 11485, 69214, 18783, 1888, 9571, 8420, 877, 36593, 23285, 23286, 23287, 19327};Star Trek
19;{1003, 1004, 1005};Matrix
20;;Beneath a Steel Sky
21;;BloodRayne
22;{8967, 19696, 947, 43035, 15070};Worms
23;{12939, 19214, 112657, 4754, 8477, 80034, 6825, 21675, 560, 15552, 15553, 15554, 15555, 48965, 36810, 36811, 8908, 12240, 594, 5720, 15459, 15460, 15464, 13679, 13680, 27889, 13301, 20087, 2169, 9979, 1021, 20606};Alien
24;{90113, 8203, 20497, 26157, 8734, 3105, 1066, 1067, 1068, 1069, 1070, 1071, 1072, 1073, 1074, 1075, 1076, 1077, 1078, 1079, 1080, 48711, 5712, 1626, 1628, 3680, 2171, 2173, 22141, 67197, 67198, 22146, 2180, 26758, 2183, 26764, 2191, 19599, 2193, 85663, 1696, 1697, 1698, 1699, 1700, 1701, 1702, 1703, 1704, 1705, 1706, 1707, 1708, 1709, 1710, 7337, 1712, 1713, 7340, 1711, 2255, 2256, 107234, 23796, 18169, 66812, 28414, 3350, 2327, 2328, 2329, 2330, 2331, 2332, 2333, 2334, 2335, 2336, 2337, 2338, 22301, 37151, 2342, 2343, 2344, 2345, 5418, 9511, 71976, 2349, 2350, 26939, 11068, 11604, 8535, 358, 6503, 6504, 16747, 9602, 3986, 3987, 14738, 3989, 3478, 20385, 20386, 2476, 2485, 11195, 11220, 90101, 90108, 90109};Mario Bros.
25;;Men of War
26;{30979, 96138, 1166, 27791, 19097, 19900, 3880, 2473, 3881, 3882, 3883, 47789, 3886, 3887, 4785, 50099, 63283, 8118, 81206, 74426, 8122, 8123, 7356, 8124, 8125, 8126, 8127, 8128, 8129, 8130, 11963, 13379, 4806, 4807, 4809, 4811, 4812, 11083, 6487, 12122, 16988, 113889, 5218, 6756, 7654, 11495, 2926, 12910, 2933, 24952, 12921};Disney
27;{1256};Jason Bourne
28;{37063, 1257, 1258, 1259, 1260, 1261, 1262, 11161};South Park
29;{27395, 15108, 20747, 20622, 24347, 53790, 27040, 24869, 424, 7725, 24369, 8247, 8248, 102075, 102722, 966, 90566, 968, 110408, 110409, 972, 973, 974, 847, 6864, 22993, 978, 23251, 25817, 110809, 75236, 19686, 880, 12530, 9721, 105979};Resident Evil
32;{1290, 2378};Tex Murphy
34;{26434, 2738, 851, 6012, 2301};Robin Hood
35;{8128, 1509, 1510, 11495, 8124, 6379, 6380, 3885, 6381, 6765, 3408, 8125, 8122, 8123, 5404, 3773, 8126, 8127};Mickey Mouse
36;{9176, 34783, 1605, 6815};Cthulhu
37;{26117, 65895, 14262, 110398, 44098, 2371, 44099, 1630, 1631, 1632, 1633, 1634, 1635, 1636, 1637, 1638, 1639, 1640, 1641, 1642, 1643, 1644, 1645, 1646, 1647, 1648, 1649, 1650, 1651, 11249};James Bond
38;{45184, 12937, 1714, 1715, 1716, 1717, 1718, 1719, 1720, 1721, 1722, 1723, 1724, 1725, 1726, 1727, 1728, 1729, 1730, 1731, 1732, 1733, 1734, 1735, 1736, 1737, 1738, 1739, 1740, 1741, 1742, 1743, 1744, 1745, 1746, 1747, 1748, 1749, 1750, 1751, 1752, 1753, 1754, 1755, 1756, 1757, 1758, 1759, 1760, 1761, 1762, 1763, 1764, 1765, 1766, 1767, 1768, 1769, 6864, 1771, 1772, 87782, 1774, 1775, 1776, 1777, 1778, 1779, 1780, 1781, 1782, 1783, 1784, 1785, 1786, 1787, 1788, 4001, 19874, 76723, 96248, 9721, 96252, 96254};Mega Man
39;{11744, 51524, 3015, 1831, 55177, 7631, 1871, 77489, 110328, 11670, 19000, 3097};The Walking Dead
40;{1834, 2846};Family Guy
41;{12278};Dungeon Keeper
42;{17696, 1891, 36841, 18218, 2188, 5907};Magic The Gathering
43;{5, 6, 4486, 5384, 6792, 12041, 87685, 10253, 27988, 47126, 5655, 2456, 15127, 47127, 8603, 8732, 2461, 2464, 2465, 674, 2466, 12071, 4270, 8622, 1840, 22831, 2491, 5819, 21567, 832, 3138, 2504, 2507, 2508, 81, 82, 83, 84, 2515, 214, 12113, 1880, 216, 12760, 5467, 2524, 7899, 7900, 9179, 12761, 12764, 2531, 14292, 876, 5613, 753, 2418, 1908, 4344, 5629, 5630, 5631};Dungeons & Dragons
44;{19470, 4379, 75426, 41636, 6183, 41640, 102321, 2738, 23354, 79820, 14288, 2003, 7259, 19563, 6764, 5872, 12401, 1918, 5503};DC Comics
45;{1919};Deadpool
46;{1984, 10197, 14534};Stargate SG-1
47;{1987};XIII
48;{2032, 74159};Fast & Furious
49;{2050, 5315, 26950, 7816, 113109};The Avengers
51;{2177, 2050, 7685, 390, 2695, 17030, 138, 28815, 4112, 542, 10910, 422, 10667, 102321, 2738, 6836, 6837, 6838, 6839, 19766, 19767, 6844, 3901, 189, 190, 9918, 11069, 19004, 19005, 19006, 11077, 63429, 20937, 3149, 3150, 17874, 2648, 6498, 6499, 74979, 4969, 4844, 2157, 4845, 5612, 5616, 2681, 2682, 15739};LEGO
52;{1282, 1283, 1287};Fables and Fiends
53;{2197};Aqua
54;{2233};Shannara
55;{2249};Deathspank
56;{2560, 2561, 2562, 2563, 2564, 2565, 2566, 2567, 2568, 2569, 2570, 2571, 2572, 2573, 2574, 2575, 2576, 2577, 2578, 2579, 2580, 2581, 2582, 2583, 38395, 86425, 90008, 92697, 66082, 48678, 48679, 48680, 48681, 48682, 95014, 36911, 48500, 50575, 74038, 3896, 48697, 7355, 20412, 72764, 40263, 72395, 2252, 2253, 2254, 24269, 111054, 78549, 38662, 114009, 105056, 66405, 19308, 19309, 2543, 2544, 2545, 2546, 6386, 2548, 6387, 2550, 19314, 19958, 19449, 19834, 19835, 38396, 2557, 2558, 2559};Dragon Ball
57;{4108, 26893, 50833, 50834, 56977, 56978, 56980, 4630, 11672, 6697, 6698, 6699, 23467, 57150, 51279, 50002, 78163, 27093, 78165, 78166, 78167, 105056, 43617, 49379, 4582, 2285, 6257, 103288};Yu-Gi-Oh!
58;{14272, 19781, 62150, 81480, 4681, 2313, 7757, 3789, 104976, 104977, 12242, 14452, 8501, 45944, 12888, 13339, 19486, 42751};Asterix
59;{6305, 2308};American Tail
60;{37382, 1556, 1557, 1558, 1559, 1560, 1561, 20039, 2643, 8284, 10906, 8353, 18594, 18099, 18100, 8377, 18138, 36570, 12515, 2286, 2287, 2289, 2290, 6897, 6898, 7410, 14606, 2319, 2320, 18704, 2322, 2323, 2324, 2325, 25877, 68380, 9564, 24423, 14699, 24945, 32124, 24959, 8588, 8589, 8592, 36792, 36793, 36794, 25027, 11720, 4558, 4559, 4560, 4561, 4562, 4563, 4564, 4565, 4566, 4567, 102873, 102874, 4068, 52197, 4069, 1511, 1512, 1513, 1514, 1515, 1516, 1517, 1518, 1519, 1520, 1521, 1522, 3574};Pokémon
61;{2326};Spartacus
62;{14234, 26411, 2340};Akira
63;{12250, 30787, 2282, 1040, 337, 82393, 4666};Alice in Wonderland
64;;Half Life 2
66;;Bejeweled
67;{27304, 113431, 36701, 111847};Ys
68;{9574, 102055, 102056, 7083, 12908, 2417, 3187, 3126, 24951};Ultima
69;;Bards Tale
71;{2436, 11142};Buck Rogers
72;{2482, 13068};The Godfather
73;{14698, 2500, 63826, 14695};Wizardry
74;{2552, 3034};Mad Max
75;{2590};Thomas & Friends
76;{106272, 2597, 65990, 3304, 8079, 8080, 8081, 4402, 8082, 8083, 8085, 8086};The Smurfs
77;{14731, 19092, 19747, 2598, 24102, 76209, 4404, 18639, 16989, 5214, 4196, 4197, 3815, 3816, 3817, 4201, 14697, 106109, 19967};Teenage Mutant Ninja Turtles
79;{8194, 8197, 2631, 18599, 6896, 6866, 103221};tetris
80;{68385, 2632, 15704, 19931, 12863};Jaws
81;;Craptastic Inc
82;{6074, 6226, 2638, 11703};Van Helsing
83;{2639};Viewtiful Joe
84;{2628, 49223, 3667, 3668, 3669, 3670, 3671, 9208, 3673, 3674, 3675, 3676};Shrek
85;{8032, 8033, 8043, 8029, 8044, 2714, 8023, 8024, 8025, 2650, 8027, 8028, 8026, 8030, 8031};Tom and Jerry
86;{2665, 2666};Nerf
88;{26688, 5862, 3371, 4915, 4916, 4917, 2653};Hot Wheels
89;{2826, 2827, 2828, 2829, 2830, 2831, 2832, 2833, 2834, 2835, 2836, 2837, 2838, 2839, 2840, 2841, 2842, 2843, 2844, 2845, 2740, 2656};Simpsons
90;{8512, 4545, 8513, 8514, 8775, 2703, 8497, 24413, 94846};Micro Machines
91;{2715};Volkswegan
92;{8065, 8066, 7814, 3336, 3979, 8076, 8077, 5903, 46096, 3345, 8723, 8724, 2719, 8097, 8098, 8099, 97314, 4518, 8131, 8132, 8133, 8134, 8135, 8136, 8137, 25800, 4194, 3044, 3045, 3051, 3052, 3053, 3054, 4460, 4461, 4977};Looney Tunes
93;{2718};McDonalds
94;{2816, 2817, 2722};Ed, Edd n Eddy
95;{2728, 11307, 6227};Wallace & Gromit
96;{2729, 2730, 2731};Burger King
97;{2756, 2757};Charlie Brown
99;{2784, 2758, 2764, 7981, 2766, 7982, 5072, 2769, 7984, 2771, 2774, 2776};Nicktoons
100;{8069, 8474, 7991, 7992, 7993, 5183, 5184, 5189, 5190, 2759, 2760, 2761, 2762, 2763, 2765, 2767, 2768, 2770, 2772, 2773, 4822, 2775, 106109, 18301};Spongebob Squarepants
101;{114145, 2799, 2800, 2801, 2802, 2803, 2806, 2807, 5310};Ben 10
102;{2785, 25795, 103171, 2798, 2809, 2810, 2811};Cartoon Network
103;{30241, 25795, 78149, 8620, 4557, 19053, 2797, 11320, 107194};Adventure Time
104;{8088, 8089, 8090, 8091, 7990, 7999, 2786, 2787, 2788, 2789, 2790, 2791, 2792, 2793, 2794, 2795, 2796, 18298, 106109};Rugrats
105;{2818, 2819};Hi Hi Puffy AmiYumi
106;{2805};Jackass
107;{2808};Camp Lazlo
108;{2822, 2823};Samurai Jack
109;{2824};Napolean Dynamite
110;{2821};The Secret Saturdays
111;{2812};Codename: Kids Next Door
112;{2820};The Grim Adventures of Billy & Mandy
113;{8003, 6373, 2813, 2814, 2815};Dexters Laboratory
116;{2847};A Bugs Life
117;{2854, 2855, 2856, 2857, 2858, 2859, 2860, 2861, 2862, 8087, 13078, 5143};Scooby-Doo
123;{78585};Earthbound
124;{4225, 2050, 30979, 76164, 4998, 4999, 7816, 12934, 6285, 28815, 28853, 2066, 3603, 4500, 4755, 4118, 13462, 3992, 24598, 105500, 4389, 553, 7084, 28080, 48050, 8244, 8245, 8246, 8247, 568, 8248, 5178, 5179, 5180, 5181, 11069, 26165, 24384, 24385, 101057, 101058, 26950, 11083, 6604, 6605, 18254, 28107, 20944, 2005, 26197, 113109, 1376, 19938, 18028, 5357, 19565, 94829, 27890, 40949, 11895, 11896, 3325, 3326, 1919};Marvel
125;{2904, 8451};Ducktales
126;{7040, 7043, 7048, 13198, 2982, 2983, 2984, 6832, 6833, 6834, 95923, 5431, 6842, 6843, 3007, 7492, 7493, 6985, 7254, 7263, 13669, 7026};Romance Of The Three Kingdoms
127;{8864, 10241, 35842, 7640, 3020, 22652, 3000, 7643, 11772};Shadowrun
128;{6182, 3005, 4190, 6183};Super Man
129;{3006};Chicken Little
133;{3011, 3941, 3942, 3943, 3944, 4904, 4905, 4906, 25099, 3149, 3150, 22191, 75563, 341, 25083, 77631};Harry Potter
134;{2993, 51523};Fables (Vertigo)
135;{129, 130, 131, 132, 133, 25601, 111650, 111652, 27429, 105125, 111655, 52016, 1332, 11704, 21971, 21973, 21974, 21975, 21976, 21977, 19162, 227, 228, 229, 75379, 75380, 96374, 76152, 123, 1279};Warcraft
136;{85, 86, 87, 88, 89};Frank Herberts Dune
137;{37383, 41608, 6803, 75413, 75417, 7849, 60459, 3122, 11570, 7348, 43955, 43956, 102066, 72766, 85830, 26183, 24782, 2640, 45144, 45145, 986, 987, 988, 989, 990, 991, 45147, 45148, 45149, 740, 4839, 103281, 20855};Halo
138;{3121};Nausicaä of the Valley of the Wind
139;{3123, 4013};Mission: Impossible
140;{3232, 8516, 8517, 8518, 8519, 8520, 12396};Back to the Future
141;{3237};Crystalis
142;{3142};Dirty Harry
143;{5888, 5889, 5890, 8007, 8008, 8009, 8103, 3246, 5885, 5886, 5887};Powerpuff Girls
144;{3248};Johnny Bravo
145;{3252, 3253, 25175};Sesame Street
146;{3257, 3258, 3259, 3260, 3261};Muppets
147;{20099, 20105, 75974, 25162, 75978, 75979, 75980, 75981, 75982, 3285, 3286, 3287, 3288, 3289, 3290, 3291, 3292, 25181, 3293, 3294, 3295, 27879, 114032, 74865, 3324};Power Rangers
149;{3296};M&Ms
150;{72386, 23781, 3307, 3308, 3309, 3310, 3311, 3312, 3313, 3314, 3315, 3316, 3317, 3318, 16671};Barbie
151;{4225, 6285, 3603, 4500, 4755, 4118, 4389, 553, 19114, 46123, 5178, 5179, 5180, 5181, 19134, 24384, 6604, 6605, 113109, 1376, 109419, 5357, 19565, 11895, 11896, 3325, 3326};Spider-Man
152;{3396, 4364};Jeopardy
153;{3598, 3599};Shadowman
154;{3584};Razor Scooter
155;{20491, 26544, 11284, 3611, 5211};Tamagotchi
156;{4066, 3613, 20390, 4234};Winnie the Pooh
157;{18944, 3619, 8020, 75095, 5240, 5241, 19675};Toy Story
158;{3660};Othello
159;{3672};DreamWorks
160;{3685, 3686, 3687, 3688, 3689, 3690, 3691, 7463, 7437, 25192, 102118, 96208, 36741};Hello Kitty
161;{3693};Risk
162;{2361, 47015};101 Dalmatians
163;{3763};Pacific Rim
164;{18273, 3764, 3765, 3766, 3767, 3768};Madagascar
165;{18145, 12963, 26214, 48210, 12469, 39127, 3771};Rambo
166;{6478, 3779, 3780, 2966};Jimmy Neutron
167;{18258, 18259, 3781};Finding Nemo
168;{3955, 94876, 18261, 3782};The Incredibles
169;{3785};American Chopper
170;{6306, 3786, 19432, 7756};Animaniacs
171;{3787};The Ant Bully
172;{3788};Aquaman
173;{7877, 4684, 4685, 7983, 3792, 7996};Avatar: The Last Airbender
174;{3794};Barnyard
175;{9726, 4653, 50936, 24315, 101309, 21566, 3807};Beyblade
176;{6322, 3818, 3811, 6323};Lego Bionicle
177;{69255, 72983, 19103, 28835, 23975, 74799, 46001, 20530, 7355, 44481, 40263, 44488, 25930, 66765, 25934, 21331, 47832, 72793, 75997, 72958, 52199, 3820, 3821, 3822, 7280, 19958, 103288, 49534};Bleach
178;{86425, 3827, 19958};Bobobo-bo-Bo-bobo
179;{3826, 3871, 3993, 4794, 3994};BMX
180;{6336, 4727, 4728, 3835, 3836};Bratz
182;{5760, 3837, 6343};Buffy the Vampire Slayer
183;{3841};Butt-Ugly Martians
184;{3848, 12824, 12823, 4376, 251};Carmen Sandiego
185;{3849, 18251, 4748, 4749};Cars
186;{6345, 3850};Casper The Friendly Ghost
187;{3855};Charlies Angels
188;{3857, 4763};Chronicles of Narnia
189;{3866};Cubix
190;{3867};Curious George
191;{20609, 27920, 112400, 112401, 36508, 85664, 4133, 3877, 3878, 8613, 8614, 64699, 25791, 9286, 105417, 78285, 15705, 19678, 6374, 6375, 6376, 67307, 13561, 80507, 11391};Digimon
193;{6378, 3879};Dinotopia
194;{3884};Meet the Robinsons
195;{3912, 18257, 18256, 3911};Fairly Oddparents
197;{3905, 3906, 5825, 5380, 5381, 5382, 5826, 28334, 6398};ESPN
199;{3902};Duel Masters
200;{3900};Driven
201;{20033, 28835, 21701, 95014, 21196, 7408, 2577, 21426, 26865, 103288, 114009, 49116};Dragon Ball Z
202;{7974, 7975, 7976, 7977, 7978, 7980, 3892, 27483};Dora the Explorer
203;{24385, 3914, 4853};Fantastic Four
204;{3917};Flushed Away
205;{45824, 36739, 21512, 38418, 49298, 8731, 4891, 48160, 48161, 26409, 7744, 42567, 5847, 3935, 8164, 72806, 46315, 75884, 75885, 75886, 75887, 75888, 75889, 75890, 75891, 60660, 75892, 75893, 75894, 36601, 72828, 45823};Godzilla
206;{3940};Happy Feet
207;{3945};Haunted Mansion
208;{3946, 4844};The Hobbit
209;{3952, 20002, 4923, 6446};Ice Age
210;{4928, 3954, 3949, 94829};Hulk
211;;Dredd
212;{3959};The Italian Job
213;{3971};Largo Winch
214;{3977};A Series of Unfortunate
215;{12898, 4003, 5005};Men in Black
216;{4012};Minority Report
217;{4016, 332, 21574};Monopoly
218;{4018};Monster House
219;{6514, 4020};Monsters, Inc.
220;{19464, 19732, 7324, 5405, 103500, 2986, 27062, 3003, 11075, 5068, 4045, 4046, 4047, 4048, 5069, 5070, 5071, 5964, 5965, 5966, 7119, 36847, 36848};NHL
221;{24065, 21122, 24066, 75841, 21260, 22797, 28175, 28176, 28177, 50575, 54778, 86425, 8479, 28835, 19621, 19622, 19623, 21161, 19626, 20778, 75839, 11059, 19635, 106295, 4026, 7355, 7098, 7099, 7100, 7101, 7102, 19649, 6847, 47935, 75836, 75837, 19654, 40263, 19656, 75840, 19658, 75842, 21709, 24270, 47824, 18386, 24281, 24287, 20704, 24289, 105056, 64486, 20846, 21231, 37358, 103288, 19958, 24310, 75838, 20602, 21372, 21373, 21375};Naruto
222;{5952, 5953, 5954, 5955, 5956, 5957, 4038, 4039, 5958, 5065, 5959, 5960, 7109, 7110, 7111, 7112, 7113, 7114, 7384, 19673};NCAA
224;{19463, 5673, 812, 4040, 4041, 4042, 5961, 5962, 5963, 7118, 7882, 4828, 19807, 25080, 102122, 4983, 4984, 4985, 4986, 4987, 4988};NFL
225;{21123, 18443, 50575, 6804, 65688, 86425, 28831, 28835, 105056, 61240, 7355, 47292, 75835, 6851, 76742, 18376, 49737, 47818, 77177, 6860, 4052, 4053, 4054, 3161, 75737, 22875, 5084, 75738, 75739, 75740, 75741, 75742, 75743, 75744, 75745, 75746, 75747, 75748, 75749, 75750, 75751, 75752, 75753, 75754, 26734, 75755, 19958, 65911, 103288, 20857, 21117};One Piece
226;{4055};Open Season
227;{4059, 6527};Over The Hedge
228;{4065};King Kong
229;{4081};Ratatouille
230;{6553, 4082};Rave Master
231;{4086};Reign of Fire
232;{4091};Robots
233;{4090, 6563, 6015};Robotech
234;{8096, 4092, 8092, 8093, 8094, 8095};Rocket Power
235;{6016, 4093, 102134, 37175};Rocky
236;{4096};The Scorpion King
237;{4099};Shamu
238;{4576, 4577, 4578, 4579, 6688, 19938, 9161, 4109, 4110, 48050, 4531, 8244, 40949, 5302, 8247, 20443, 573, 4575};X-Men
240;{4147, 4120, 6588, 6589, 6590, 6591};Shaman King
241;{4148};Shark Tale
242;{4150};Future GPX Cyber Formula
243;{4160, 4358};Spawn
244;{4183};Starsky & Hutch
245;{4191};Surfs Up
246;{4195};Teen Titans
247;{4202, 7954, 7955, 7956, 7957, 7958};Tonka
248;{8195, 12861, 4199, 7688, 4204, 6195, 4372, 6196, 15508, 42942, 14557, 12793, 8411, 8412, 8413, 8414};Terminator
249;{5249, 6218, 6219, 19918, 4784, 7229, 7227, 7228, 4221};UFC
250;{4226};Universal Studios
251;{8057, 4555, 8045, 8046, 8047, 6640, 8048, 6642, 8049, 8050, 8051, 8052, 8053, 8054, 8055, 8056, 8058};Tiny Toon Adventures
252;{4387, 5925, 36742, 19340, 36686, 3961};Judge Dredd
253;{19536};Jurrasic Park
254;{4544};Mutant Chronicles
255;{18323, 6295, 6683, 6685, 8736, 7846, 6442, 6443, 6444, 6445, 5294, 5295, 5296, 5297, 5298, 5299, 5300, 99116, 3643, 19516, 6461, 19771, 7488, 23238, 7252, 80852, 2265, 4570, 4571, 4572, 4573, 4574, 6249, 6251, 6252};WWE
260;{4584, 4585};Zatch Bell!
261;{4586, 61643};Ace Ventura
263;{4597};Caesars Palace
264;{4601};Hogans Alley
265;{25988, 18916, 4615};The Goonies
266;{12593, 6538, 4619};Popeye
267;{12797, 50042, 4661};Adventures of Tintin
268;{4669, 4670, 4671};Alvin and the Chipmunks
269;{4672, 4673, 5723, 5724};AMF
270;{4679};National Geographic
271;{36913, 4682, 6310};Astro Boy
272;{4211, 112886};James Camerons Avatar
273;{26689, 26690, 6909, 4703};Bakugan
274;{5737, 4706, 110428};Bass Pro Shop
275;{46437, 13869, 4710, 9735};Battleship
276;{4711};Bee Movie
277;{4722};Bob the Builder
278;{4723};Bolt
279;{23331, 25219, 86503, 1164, 36878, 37777, 53818, 14774, 53817, 24890, 7323, 74554, 7325};Tomb Raider
280;{7816, 4745};Captain America
281;{4747};Cars 2
282;{4750};Case Closed
283;{4764};Crysler
284;{4767};Cloudy With a Chance of Meatballs
285;{4768, 8453, 8454};Code Lyoko
286;{4771};Coraline
287;{4776};Crayon Shin-chan
288;{5795, 4780, 4781, 4782, 7632, 7633};CSI
289;{6680, 25193, 4789, 25174};Winx Club
290;{4790, 4791};Dancing with the Stars
292;{4800};Deal or No Deal
293;{6436, 4808, 4810, 4912, 21371};High School Musical
294;{9636, 4813, 4814, 13597, 12029, 42942};Doctor Who
295;{4815};THE DOG
296;{112660};The Lego Movie
297;{6786, 14854, 6164, 6812, 6815, 5541, 11563, 5435, 5436, 35139, 6863, 12623, 6737, 31188, 91096, 4316, 10978, 10979, 6116, 24680, 6762, 2293, 35062, 35063, 100347};Sherlock Holmes
298;{4858};Food Network
299;{4864, 4865, 4866, 4859, 4860, 4861, 4862, 4863};Inspector Gadget
300;{4876, 20926};G-Force
301;{54627, 8165, 8166, 13672, 22697, 4877, 81200, 45340, 25981};G.I. Joe
302;{5891, 25163, 35467, 12111, 6416, 6417, 4882, 4883, 12112, 99217, 19736, 43545};Garfield
303;{4889};George of the Jungle
304;{4892};The Golden Compass
305;{4893};Golds Gym
306;{4895};Grease
307;{4896};Green Lantern
308;{4897};Greys Anatomy
309;{4901};Guinness World Records
310;{4903};Hardy Boys
311;{4907};Harvey Birdman
312;{110394, 4908};Hasbro
313;{4913, 7010, 7811, 7009};History Channel
314;{4921, 4922, 25187};iCarly
316;{4934};Iron Chef
317;{4941};Jenga
318;{4944};Jumper
319;{19958, 4943};Fist of the North
320;{4936, 6448, 4935};Iron Man
322;{4975};Littlest Pet Shop
323;{4968};Legend of the Guradians
324;{20089, 4963, 4964, 4965};Kung Fu Panda
325;{2212, 9642, 96267, 20525, 8655, 4989, 25310};MLB
326;{4995};Man vs. Wild
327;{5188, 4997};Marvel Super Hero Squad
328;{5002};Megamind
329;{36856, 36857, 36858, 5023};The Mummy
330;{5021};Monsters vs. Aliens
331;{5046};The Naked Brothers Band
332;{12450, 7620, 6522, 10582, 10583, 5050, 28222};Nancy Drew
333;{5067};Neopets
334;{5073};Night at the Museum
335;{5098};Pimp My Ride
336;{20542, 5982, 5100, 542};Pirates of the Caribbean
337;{5114};Rango
338;{5142};Twilight
339;{5141};Scene It?
340;{5139, 5140};Scarface
341;{5124};Rise of the Guardians
342;{5131};Rubiks Cube
343;{5172};Space Chimps
344;{5176, 111562};Speed Racer
345;{5182};The Spiderwick Chronicles
346;{5187};Disney Princess
347;{5186};Pictionary
348;{19844, 5252};I Spy
349;{5212};Tangled
350;{5219};Thor
351;{5698, 18658, 11112, 6217, 5710, 7220, 21817, 5246, 5247};Tron
352;{8021, 5238};Totally Spies!
353;{5261};WALL-E
354;{5259};Wacky Racers
355;{5278};Where the Wild Things Are
356;{5303};Yamaha
357;{7389, 5318};Phineas & Ferb
358;{5344, 5345, 14208, 14209, 42942, 14207, 5341, 5342, 5343};The Addams Family
360;{5347};Rocky & Bullwinkle
361;{5414, 5415, 5416, 5417, 4695, 4696, 4697, 4698};Twisted Metal
362;{5470};11eyes
363;{5478};Afro Samurai
364;{56967, 23595, 5489, 15058, 7610};A Game of Thrones
365;{5520};Democracy
366;{2963};Defense of the Ancients
367;{5676};Kool-Aid
368;{49028, 21287, 75883, 18294, 19768, 4447};The Punisher
369;{6432, 8156, 8158};He-Man
370;{5742};Xiaolin Showdown
371;{5736};Bad Boys
372;{5727};Antz
373;{5744, 28842, 83398, 23527};Battlestar Galactica
374;{5746};The Bible
375;{5747};Bicycle
376;{5797};The Da Vinci Code
377;{5814};The Cat in the Hat
378;{14042, 5818};The Dukes of Hazzard
379;{5821};Eragon
380;{5822};Futurama
381;{5868};Dark Angel
382;{5920, 5921, 5915, 5916, 5917, 5918, 5919};Mary-Kate and Ashley
384;{19097, 4406};Beauty and the Beast
385;{5942};Happy Tree Friends
386;{27728, 6003};Reservoir Dogs
387;{8195, 6853, 59110, 68362, 12844, 12749, 112909, 19695, 25167, 6013};RoboCop
388;{6562, 112429, 112431, 16752, 6014};Robot Wars
389;{6030};The Warriors
390;{6146};Hard Boiled
391;{12772, 6156, 9166};Spy vs. Spy
392;{6199};The Thing
393;{6200};The Nightmare Before Christmas
394;{6216, 11290, 12970};Trivial Pursuit
395;{6230};A.V.A.
396;{28090, 6299};Action Man
397;{6304};American Idol
398;{9053, 6309};Around the World in 80 Days
399;{6312};Atomic Betty
400;{6346};Charlottes Web
401;{6354};Green Eggs & Ham
402;{2048};Zeno Clash
403;{6365, 6366};Danny Phantom
405;{6385, 7971};Drake & Josh
406;{6383};Domo-kun
407;{6389};Dragon Tales
408;{6395};Droopy
409;{6410, 8004};Fosters Home for Imaginary Friends
410;{6406};Fear Factor
411;{6420};Ghost Rider
412;{6423};Babar: King of the Elephants
413;{6427, 6428, 6429};Hamtaro
414;{6434};Herby
415;{6468};ActRaiser
416;{6480, 111548};The Jungle Book
417;{6486};The Flash
418;{6510};Mighty Beanz
419;{62019, 113433, 11565, 48500, 6517, 19958, 37045, 103288, 75961, 75962, 75963, 75964, 75965, 75966, 46815};JoJos Bizarre Adventure
420;{106109, 6565};Hey Arnold!
421;{6646};Uno
422;{6682};W.I.T.C.H.
423;{105056, 6696, 19958, 103288, 86425};Yu Yu Hakusho
424;{6723};Chicken Run
425;{71, 50095, 6739, 6740, 6741};Half-Life
426;{6759};Sour Patch Kids
427;{25795, 6869};Regular Show
428;{6911};Aqua Teen Hunger Force
429;{6926};Brave
430;{6938};Clash of the Titans
431;{6958};Dantes Inferno
432;{6962};Deadliest Catch
433;{74394, 74395, 6981};Willow
434;{7006};Hannah Montana
435;{51441, 45005, 7007};Hellboy
436;{7012, 111629};How to Train Your Dragon
437;{7058, 10226};Lost
438;{7168, 8768, 2498, 8769, 8770, 8772, 7146, 8335, 2512, 27345, 3090, 5522, 27346, 8767};The Dark Eye
439;{7176, 7177};Saw
440;{7240};Wanted
441;{7246};Watchmen
442;{7354};Initial D
443;{7417};Swordsman
444;{7426};Terrorist Takedown
445;{1267};Sleeping Dogs
446;{7545};Kickass
447;{19507, 26180, 7558};Ninja Gaiden
448;{7562};Rockos Modern Life
449;{7569};CatDog
450;{7583};Medabots
451;{1877};Cyberpunk
452;{107300, 80, 19474, 1942, 12503, 27832, 9689, 8765, 478};The Witcher
453;{2499};Der Ring des Nibelungen
454;{7646};SNL
455;{1944, 1945, 50415};Zork
456;{37088, 19457, 63873, 81249, 37033, 107018, 80011, 11120, 27030, 55, 1081, 54589};The Elder Scrolls
457;{106274, 11656, 96393, 110061, 7728, 46288, 11219, 8502, 7862};Sonic The Hedgehog
458;{78210, 5641, 13457, 13458, 13459, 790, 7845, 13364, 8112, 2611, 13363, 7733, 7734, 7735, 7736, 7737, 7738, 7739, 7740, 7741, 7742, 7615, 7867, 2369, 19775, 8139, 8140, 9836, 14173, 1889, 1890, 26854, 362, 363, 364, 365, 366, 367, 368, 369, 370, 371, 372, 373, 8434, 8435};Might and Magic
459;{7777, 8457, 8458, 8459, 8460, 8461, 8462, 8463, 66094};Beavis and Butt-head
460;{7778};Beetlejuice
461;{7784, 14302};Bill & Ted
462;{2004};Numenera
463;{20741, 74266, 9886, 25637, 4006, 7848, 22703, 12211, 12212, 1985, 7367, 41037, 41038, 41039, 41040, 21073, 41041, 474, 479, 5600, 20196, 99821, 21617, 379, 374, 375, 376, 377, 378, 18683, 381, 382};Metal Gear
464;{5986, 80034, 48965, 24215, 21675, 19693, 19214, 13679, 560, 15345, 594, 15346, 74422, 20087, 5720, 9979, 8477};Predator
465;{7936, 7937, 22186, 7895};La-Mulana
466;{7970};Firefox
467;{9701, 7972, 7973};Blues Clues
468;{7979};Miss Spiders Sunny Patch Friends
469;{7980};Team Umizoomi
470;{8101, 8102, 7985, 7986, 7987, 7988, 7989};Ren & Stimpy
471;{7994};Back at the Barnyard
472;{7995};El Tigre
473;{7997};Nacho Libre
474;{8005};Generator Rex
475;{7960, 14742};Angry Video Game Nerd
476;{12833, 8010, 23380};Yogi Bear
477;{8011, 8012, 8013};Woody Woodpecker
478;{8014};Wild Thornberrys
479;{8022};Toxic Crusaders
480;{5376, 50432, 5442, 9090, 9091, 9092, 9093, 9094, 14339, 14340, 14341, 14342, 14348, 2638, 31184, 5366, 6074, 16479};Dracula
481;{8059, 8060};ThunderCats
482;{1357};Area 88
483;{8062};The Cheetahmen
484;{8067};TaleSpin
485;{8068};SWAT Kats
486;{75526, 8075, 25880, 10530, 10531, 4519, 8367, 4277, 10677, 10678, 15543, 11067, 9918, 6481, 6482, 6483, 54996, 8278, 9057, 5871, 7025};Jurassic Park
487;{8105, 8106, 8107, 8108, 8109};Pink Panther
488;{2473, 106270, 8118, 10791};Aladdin
489;{8143, 8144, 8149, 8150, 8151, 8152, 8153};Kim Possible
490;{8154, 8155};Jackie Chan Adventures
491;{433, 250, 20930};The Chronicles of Riddick
492;{2368, 2155, 5619, 81085, 11133, 8222};The Souls series
493;{27912, 732, 733, 43853};Grand theft Auto
494;{5152, 5153, 110590, 5151};Shaun White
495;{2468, 836, 2438, 837, 2437, 2472, 21267, 43003};Prince of Persia
496;{8234, 18219, 72331, 14641, 10227, 47188};Die Hard
497;{8336, 114138, 52005, 15423};Ghost in the Shell
498;{8346};Babylon 5
499;{8372, 9637};Orcs Must Die
500;{8443};My Little Pony
501;{8448, 10610, 12052, 8446, 8447};Donald Duck
502;{8449};Felix the Cat
503;{8450, 51942, 26344, 18810, 47227};The Flintstones
504;{8452};Darkwing Duck
505;{8464};American Dragon: Jake Long
506;{8470};Fighting Fantasy
507;{80034, 82019, 21675, 19214, 13679, 560, 594, 20087, 5720, 9979, 8477};Alien vs. Predator
508;{16672, 32903};Games Workshop
509;{103168, 10251, 81291, 81292, 81293, 81294, 16400, 5649, 8209, 81295, 110863, 55189, 5527, 27930, 33565, 9759, 8480, 81190, 81191, 81192, 9898, 6059, 20785, 20786, 34227, 28084, 81202, 26423, 25660, 81349, 10055, 11336, 53832, 53833, 34380, 34254, 28882, 215, 27355, 27356, 9181, 25058, 29030, 23538, 34295, 28028};Warhammer
510;{8530, 83891, 14389, 26287};Friday the 13th
511;{8538};The Crow
512;{8551, 8552, 8553, 8554, 8555, 8556};Monty Python
513;{8567};Monster High
514;{8568, 8569, 8570, 8571, 8572, 8573, 8574};Strawberry Shortcake
515;{8668};Sinbad
516;{25690, 8670};The Three Stooges
517;{8686};TekWar
518;{8704};Hook
519;{8704};Peter Pan
520;{8719};Blade
521;{8747};Perfect World
522;{8848, 13297, 13296};Airwolf
523;{4377};American Gladiators
524;{8981};Dorito
525;{3648, 3647, 3511};Xena
526;{3648, 3647, 9814, 3511};Hercules
527;{5126, 27519};Rogue Trooper
528;{455};Justice League
529;{9099};Silver Surfer
530;{9102};Martin Mystère
531;{9168};Zhu Zhu Pets
532;{19657, 17470, 4663};Agatha Christie
533;{19657, 21134, 4663, 4664, 20636, 17470};Hercule Poirot
534;{9207};Spy Kids
535;{22912, 20129, 22913, 22914, 22915, 18021, 9236, 22910, 22911};Top Gun
536;{9401};Shakespeare
537;;Blizzard
538;{19329, 5321, 57019, 15467, 21074, 18227, 89555, 18229, 26775, 51448, 19131, 27959};Shin Megami Tensei
539;{9537};Agricultural Simulator
540;{2004};Torment
541;{9557};Monica de Susa
542;{8633};Alien Breed
543;{11841, 11842, 12632, 36515, 110791, 102088, 13550, 9618, 11448, 68441, 36796, 11839};Sword Art Online
544;{11754, 10091, 11755, 12078, 11770, 6805, 11767, 11768, 11769, 9626, 11771, 25821};Hatsune Miku
545;{11754, 10091, 11755, 12078, 11770, 26994, 6805, 11767, 11768, 11769, 9626, 11771, 25821};VOCALOID
546;{9640};Rune Factory
547;{107253, 27261};Touhou
548;{9659};Little Busters
549;{9604};Koalabeast
550;{7448};Scott Pilgrim
551;{375};Metal Gear Solid
552;{54217, 54218, 54220, 106988, 87504, 21842};Persona
553;{9713};Polda
554;{480, 481, 482, 483, 484, 485, 486, 487, 11654, 21600, 69187, 12075, 9714, 22066, 59007};Silent Hill
555;{9750, 9751};Victorious
556;{3141, 26986, 36893, 3803, 2429, 2430, 2431};The Bards Tale
557;{9833, 2370, 9834, 9831};Warlords
558;{2515, 14292, 8829};Forgotten Realms
559;{9875};Barker Bills Cartoon Show
560;{9911};vandaria
561;{54520, 28129, 53656, 26008, 53657, 9915};Senran Kagura
562;{1984, 10162, 10197, 54543};Stargate
563;{24856, 20772, 1605, 19086, 19087, 10164, 10165, 9176, 34783};H. P. Lovecraft
564;{10256};Inuyasha
565;{7961, 10471};Jekyll & Hyde
566;{10574};Murder She Wrote
567;{10618};Wheres Waldo?
568;{10620};Silly Bandz
569;;Aero Fighters
570;;All Star
571;{128, 20864, 17028, 64133, 103054, 7570, 109463, 8216, 537, 8218, 8219, 8217, 8223, 10661, 26917, 68526, 68527, 68528, 18865, 1970, 27827, 68529, 68530, 14902, 14903, 81205, 22974, 3775, 15169, 41030, 8263, 64737, 18146, 21349, 5606, 20077, 26095, 113, 1266, 64759, 3195, 28540, 64765, 127};Assassins Creed
572;{10730};Putt-Putt
573;{10730};Fatty Bear
574;{41051, 10693, 55062};Pinball FX
575;{10762};Galaga
576;{10841, 10842, 7516};Titanic
577;{54538, 12443, 81444, 10863};Magic: The Gathering
578;{18086, 32903, 10952, 10953, 34207, 34219, 34220, 34221, 34199, 32540, 32863};Talisman
579;{11008};Taco Bell
580;{11073};Despicable Me
581;{11115};Alligator People
582;{11144};Cabbage Patch Kids
583;{11226, 104973};Anstoss
584;{11227};Seiken Densetsu
585;{11231};Forsaken World
586;{10134};Maelstrom
587;{396, 23981, 11310, 11311, 11312, 2353, 11313, 403, 11314, 11316, 410};SaGa
588;;The Black Mirror
589;{457, 458, 239, 11355, 14524};starcraft
590;{11366};Sega Hard Girls
591;{1172, 1173};Golden Sun
592;{9600, 77958, 71306, 71694, 11416, 20384, 49185, 71717, 94503, 2985, 19884, 11437, 92475, 11452, 11454, 9927, 23879, 23880, 54217, 54218, 54220, 65864, 83791, 21074, 21842, 38354, 103378, 5081, 6887, 9577, 106988, 38263};Megami Tensei
593;{85857, 114150, 114151, 96104, 86347, 11504, 86225, 11829, 11830, 87742};Date A Live
594;{11527};Valkyrie Drive
595;{11541};Home Improvement
596;{1026, 9602, 1029, 1030, 1033, 1036, 18066, 534, 7346, 11193, 5314, 42308, 8534, 11607, 45143, 1628, 2909, 18017, 2276, 41829, 25840, 90101, 81147};The Legend of Zelda
597;{11614};total annihilation
598;{11615};fighting force
599;{18056, 18055};breath of fire
600;{25832, 5827, 5828};Evil Dead
601;{11638};Hanayamata
602;{11752, 11741};Yahari Ore no Seishun Rabu Kome wa Machigatteiru.
603;{11775};Punch Line
604;{11777};Saenai Heroine no Sodatekata
605;{11784, 11787, 11788};Yuki Yuna wa Yusha de Aru
606;{11791};Rail Wars!
607;{11808, 11809, 11810, 11811, 37134, 11987, 11988, 69401, 12027, 65212, 11807};.Hack
608;{11831};Black★Rock Shooter
609;{11832, 11833, 11834};Infinite Stratos
610;{11846, 11847};Puella Magi Madoka Magica
611;{55040, 11864, 13550, 11862, 11448};Toaru Majutsu no Index
612;{11448, 12380, 13550, 11862};Toaru Kagaku no Railgun
613;{11907};Arachnophobia
614;{11956};Beverly Hills Cop
615;{11963};The Chronicles of Prydain
616;{11991};Captain Planet
617;{12032, 12989, 30214, 13567};Dan Dare
618;{12037};Darkman
619;{12040};Days of Thunder
620;{12064, 10585};Elvira
621;{12137};Harley-Davidson
622;{12609, 12142};HeroQuest
623;{13011, 12166};Knightmare
624;{12379};Himouto! Umaru-chan
625;{12249, 65580};ALF
626;{2208};Are You Afraid of the Dark?
627;{12412};Xanth
628;{12413};Connections
629;{12422, 14665, 14666, 14667, 14669, 14670, 14671};Dylan Dog
630;{3480, 3481, 19769};Earthworm Jim
631;{12472};Ripleys Believe It or Not!
632;{14594, 12478};Small Soldiers
633;{12481, 22054, 18067, 43642, 15934};Ghosts n Goblins
634;{12500};Total Recall
635;{12569};Defenders of the Earth
636;{22049, 45829, 6184, 39593, 21387, 12588, 51692, 106763, 55058, 102809, 83931};The King of Fighters
637;{12591};Fright Night
638;{25673, 26026, 12605};Gremlins
639;{12678, 12679};MegaTraveller
640;{12699};Neighbours
641;{12717};Plan 9 From Outer Space
642;{12743};Red Heat
643;{12756};The Running Man
644;{19074, 12787, 18711, 68440, 18463, 26271};Superman
645;{26272, 74908, 12796};Thunderbirds
646;{12801};Trolls
647;{12804, 42942};The Twilight Zone
648;{12817};Wacky Races
649;{12826, 75692, 72470};Who Framed Roger Rabbit
650;{12882};Gakusen Toshi Asterisk
651;{86425, 12892};World Trigger
652;{13020};The NeverEnding Story
653;{13032};Scalextric
654;{13058};Dick Tracy
655;{13072, 13073};Manchester United
656;{13081};Spitting Image
657;{56144, 69419, 13195, 103495};Tokyo Ghoul
658;{11448, 13550};Hataraku Mao-sama!
659;{11448, 13550};Ore no Imoto ga Konna ni Kawaii Wake ga Nai
660;{13550, 64495, 76242, 44598, 11448, 36796};Accel World
661;{11448, 13550};Mahoka Koko no Rettosei
662;{11448, 13550};Heavy Object
663;{11448, 13550};Black Bullet
664;{11448, 13550};Shakugan no Shana
665;{11448, 13550};Durarara!!
666;{11448, 13550};Toradora!
667;{11448, 13550};Ro-Kyu-Bu!
668;{11448, 13550};Strike the Blood
669;{11448, 13550};Boogiepop
670;{11448, 13550};Bokusatsu Tenshi Dokuro-chan
671;{11448, 13550};Denpa Onna to Seishun Otoko
672;{11448, 13550};Spice and Wolf
673;{11448, 13550};Kino no Tabi
674;{11448, 13550};Golden Time
675;{11448, 13550};Sakura-so no Petto na Kanojo
676;{13247};The Crystal Maze
677;{13322};Andy Capp
678;{13329};The Archers
679;{13346};Atom Ant
680;{13355};The Way of the Tiger
681;{13375};Bangers & Mash
682;{13386};Battle of the Planets
683;{13397};Big Trouble in Little China
684;{13399};Biggles
685;{51529, 322, 13405};Blade Runner
686;{13410};Duel Master
687;{13434};BraveStarr
688;{13452};Bullseye
689;{13473};Centurions
690;{13476};Gobots
691;{13508};Discworld
692;{13521};Crows
693;{13523};Count Duckula
694;{13524};Countdown
695;{13553, 86425, 19958};To Love-Ru
696;{76063, 49125, 81413, 42567, 68105, 48748, 41264, 38321, 48691, 38166, 13559, 65849, 76061, 64575};Kamen Rider
697;{13569, 13570, 14025};Danger Mouse
698;{13581};Death Wish
699;{13588};Dempsey and Makepeace
700;;Shingeki no Kyojin
701;{13638};Seraph of the End
702;{13648};Every Second Counts
703;{13658, 86426};Yuru Yuri
704;{13658, 86426};Haiyore! Nyaruko-san
705;{13658, 86426};Vividred Operation
706;{13658, 86426};Kin-iro Mosaic
707;{13658, 86426};Aoki Hagane no Arpeggio
708;{13658, 86426};Tesagure! Bukatsu-mono
709;{13658, 86426};Wake Up, Girls!
710;{13658, 86426};Go! Go! 575
711;{13658, 86426};No-Rin
712;{13658, 86426};Mikakunin de Shinkokei
713;{13658, 86426};Gochumon wa Usagi Desu ka?
714;{13709};The Adventure Game
715;{13770, 13771, 13772, 13773, 13774};The Famous Five
716;{13776};The Road to El Dorado
717;{13782};Rama
718;{13960};Auf Wiedersehen Pet
719;{14074, 14069};Lone Wolf
720;{110592, 27979, 14159, 26676, 81206, 27737, 109275};Kingdom Hearts
721;{11209, 11210, 11211, 11212, 11213, 74384, 25078};Star Ocean
722;{11894};All Dogs Go to Heaven
723;{14249};Allo Allo!
724;{7792};The Blues Brothers
725;{14359};still life
726;{3845, 83727, 43029, 18968, 93848, 28063, 545, 9509, 28204, 559, 3120, 3761, 18352, 949, 106805, 102718, 78917, 979, 1122, 8548, 113383, 6632, 77289, 621, 622, 623, 624, 625, 2033, 44149, 19836};Call of Duty
727;{296, 28034};Crysis
728;;Area 51
729;{84701};Need for Speed
730;;Kane & Lynch
731;{20608, 51746, 5384, 14474, 4270, 8622, 2418, 12760, 12761, 8732, 2524, 2461};Advanced Dungeons & Dragons
732;{4523, 14502};Home Alone
733;{15748, 14577, 14579, 14582, 14583, 14584, 14585};sims
734;{28097, 14621};Cluedo
735;{14631};Crossbow: The Legend of William Tell
736;{75848, 14673, 14674, 14675, 7477, 18967};Valkyria
737;{70894, 6767, 6768, 18224, 57012, 14709, 27960, 14716, 14717, 14718, 8607};Etrian Odyssey
738;{14752, 104241};monster rancher
739;{14891};World Conqueror
740;{14956};Edgar Allan Poe
741;{15092, 15093, 15094, 103023};Singstar
742;{15109, 15110, 15111, 15112, 15113, 15114, 15115, 15116, 15117, 15118, 15071};Star Wraith
743;{15233};The Jetsons
744;{68386, 15237};The Karate Kid
745;{15269, 15270};Nightbreed
746;{15362};Scrabble
747;{15489, 15487};The Grinch
748;{15182};PewDiePie
749;{3630, 3631, 15509, 15510, 15511};Wayne Gretzky
750;{1610, 27887, 27889, 1620, 24215, 19832};Mortal Kombat
751;{15847};Aeon Flux
752;{15886};3x3 Eyes
753;{15908};Milons Secret Castle
754;{25894, 7566};King Arthur
755;{37636, 38279, 38280, 71148, 16142, 36697, 36731};Sailor Moon
756;{9602, 27238, 11217, 1107, 37140, 90101, 76247, 1628};Metroid
757;{18992, 19003, 16315, 22353};Skipper and Skeeto
758;{16326};Kelloggs
759;{16473};Iron Maiden
760;;Avakin
761;{75865, 105021, 22285, 9406};Shining
762;{13398};Video Power
763;{9602, 103362, 1092, 113436, 112423, 3889, 103317, 1628};Donkey Kong
764;;SWAT
765;{313};SWAT
766;{17256};Cruxata
767;{17273, 17274};Rocky Horror
768;{6492, 22702};Klonoa
769;{9602, 1444, 26841, 1446, 21863, 5321, 85998, 26769, 27764, 10229, 18038, 26840, 9721, 24220, 26845};Fire Emblem
770;{107213, 107214, 18071};Grandia
771;{11196, 2686, 19687};Star Fox
772;{9621};Smash Brothers
773;{110706, 16631};Cabelas
774;{19865, 14988, 27916};Mana
775;{18192};Gradius
776;{18193, 104778, 44307};Darius
777;{18223};Rolie Polie Olie
778;{18241, 18242, 18243, 18244, 18245, 18246, 18247};American Girl
779;{18254};Daredevil
780;{100675, 45963, 45964, 45965, 45966, 45967, 100555, 100556, 27155, 27156, 107253, 27162, 60315, 27166, 27167};Touhou Project
781;{18325, 18326};Zoey 101
782;{9629, 18341};EverQuest
783;{18385};Austin Powers
784;{26879};world of darkness
785;{192, 193, 15862};Maniac Mansion
786;{18489, 18491};Blair Witch Project
787;{18516};Desperate Housewives
788;{18540};Simple DS Series
789;{9602, 3717, 1063, 18221, 37137, 90101, 113211, 28126, 28127};Kirby
790;{18615};Mii
791;{3601, 41497};Space Invaders
792;{6656, 45184, 45829, 5766, 45192, 45194, 21387, 45195, 45196, 4238, 45198, 2066, 6930, 39314, 26773, 39318, 39319, 55058, 38297, 55059, 55060, 55061, 55062, 7198, 55063, 55064, 22049, 6178, 21796, 44965, 6184, 1065, 19754, 39593, 74155, 6702, 6703, 6704, 53678, 6708, 6709, 6710, 8244, 8245, 8246, 8247, 8248, 12860, 55065, 8258, 18626, 20803, 14536, 39496, 11595, 22221, 6864, 1239, 21724, 2275, 41828, 20586, 28398, 6895, 55280, 75374, 3186, 884, 44276, 9721, 42876, 55037};Street Fighter
793;{18627};Battletoads
794;{18692};Krull
795;{18787, 18696, 18697, 18698, 18699, 45037};Ridge Racer
796;{18715, 18716};Buzz
797;{18728};TrackMania
798;{103298, 101029, 101031, 7351, 76217, 74266};Doom
799;{18786, 20612, 20388, 26760, 103368, 39663, 80368, 27285, 27255};Bomberman
800;{25926, 18791};LittleBigPlanet
801;{23329, 9890, 67201, 21968, 106103, 109596};Phantasy Star
802;{18823, 18824, 14607};Brave Story
803;{18879};Horde
804;{19072, 19073, 57443, 57444, 62757, 77766, 43405, 47697, 25172, 49594, 69180, 19071};Fullmetal Alchemist
805;{76420, 113374};Civilization
806;{19139};Eden
807;{19146};Legionwood
808;{19164};Borderlands
809;{19172};xb
810;{19284, 16845, 19285};Dismount
811;{19317};Gunslinger Stratos
812;{11465, 111559};Frogger
813;{4100};Tomba!
814;{4105, 52750, 39461, 76844, 5165, 5166, 2607, 5167, 5168, 5169, 7728, 19506, 20023, 4156, 4158, 21062, 21063, 19538, 6231, 1628, 19556, 103018, 3192, 2174, 6283, 6797, 2706, 2707, 2708, 19091, 20118, 94873, 43677, 16036, 7855, 7858, 7860, 15556, 5322, 217, 2267, 45796, 45798, 51946, 112884, 9473, 9474, 9475, 9476, 19715, 47367, 19731, 54549, 46358, 54556, 54557, 19762, 19258, 43322, 19260, 19261, 19262, 5452, 4438, 9602, 3990, 52140, 52141, 52142, 6598, 6599, 6600, 6601, 47056, 21969, 52188, 112095, 506, 11258};Sonic
815;{19445, 23687};Makai Ichiban Kan
816;{6107, 48059};Golgo 13
817;{12511};Battle Chasers
818;{19482};X-Tactics
819;{19667};Goosebumbs
820;{43392, 86532, 43400, 44552, 23434, 20492, 19858, 5012, 5144, 66588, 66589, 43678, 68126, 52001, 7074, 45859, 66596, 112431, 48423, 58538, 49325, 112429, 43311, 72752, 20401, 38321, 66609, 72879, 75695, 67126, 75696, 75697, 75698, 65981, 65982, 68160, 6977, 6978, 82116, 43461, 6982, 42567, 75721, 43594, 75722, 75723, 69325, 45006, 45007, 7376, 7377, 47870, 72783, 75724, 75725, 42710, 75726, 75727, 75728, 75729, 75730, 75731, 42717, 75732, 114152, 45290, 44779, 68079, 87796, 3964, 3965, 21502, 28287};Gundam
821;{36730, 19765};Berserk
822;;Independence Day
823;{14720, 51448};RWBY
824;{18181, 42759, 65676, 43668, 26901, 25623, 79129, 65178, 23066, 78626, 7075, 78629, 6440, 78633, 61752, 36926, 5316, 20427, 69721, 9692, 2268, 2269, 2271};Monster Hunter
825;{20410, 20411, 14134};Jack the Ripper
826;{20417};Playmobil
827;{16306, 20459};Rick and Morty
828;{20588};Mage Knight
829;{20796};Zoombinis
830;{20843, 11686};JumpStart
831;{20910};World War Z
832;{3568, 6635, 9805, 5550};Ogre Battle
833;{1654, 72327};Streets of Rage
834;{6864, 9721};Devil May Cry
835;{4530};Gargoyles
836;{25184, 76260, 40263, 25202, 48500, 19958, 21591, 103288, 86425};Saint Seiya
837;{21626};Evolve
838;{21668};Dexter
839;{22017};Metrico
840;{22042};TREX and Muscle Sam
841;{22097, 22098};After Reset
842;{65504, 113475, 51683, 65764, 22357};Steins Gate
843;{26290, 22369, 22370, 72808};Knight Rider
844;{105056, 40263, 22388, 22389, 22390, 103288};Death Note
845;{109457, 2706, 2707, 103317, 1086};Mario
846;{107150, 27723, 22555, 25795};Steven Universe
847;{22713, 22700, 19812, 22701};Humble Originals
848;{22706};League of Angels
849;{22734};M*A*S*H
850;{28958, 22735};Flash Gordon
851;{22763, 27925};Frankenstein
852;{20040, 55820, 55028, 36663, 105884, 27196, 14879};Attack on Titan
853;{23192, 23190, 23191};Goat Simulator
854;{78738, 14486, 11543, 6296, 4393, 19113, 37941, 1974, 10943, 105413, 105414, 105415, 5579, 73824, 93286, 72810, 71670, 62583, 70777, 41727};Dragon Slayer
855;{16665, 8986, 23323, 23322, 78114, 78115, 4393, 10942, 10943, 10944, 26564, 28101, 75973, 105413, 90056, 105414, 105415, 5579, 13557, 13558};The Legend of Heroes
856;{23211};heartomics
857;{28173, 90099, 23213};Tom Clancy’s
858;{23488};Beowulf
859;{23684, 22766};Preppie!
860;{72323, 41420, 81197, 103339};Super Mario
861;{23861};XEZI
862;{23905};starpoint gemini
863;{23931};Dallas
864;{23935};WarGames
865;{23938};Genma Wars
866;{43404, 23953, 59826, 67657, 69709, 27099, 27100, 49119, 3555, 75875, 75877, 61670, 61671, 75878, 75879, 75880, 75881, 75882, 36601, 72826};Neon Genesis Evangelion
867;{11429};18 Wheels of Steel
868;{24010};King’s Knight
869;{4140, 2749};bloody roar
870;{27052, 103511, 81272, 103513, 103512, 1628};Pokemon
871;{3762};Ape Escape
872;{24475};Goemon
873;{24479};Valkyrie Profile
874;{3545};Ganbare Goemon
875;{55137, 59205, 12328, 12329, 24329, 12331, 12332, 24493, 54898, 19799, 12504, 47066, 47067, 12381, 12382};Fate
876;{24504, 66213};Lupin III
877;{24645};Ouendan
878;{24645};elite beat agents
879;;battle city
880;{24706};The Light of the Darkness
881;{22949, 9543};Zero Escape
882;{24929, 21538, 21285, 7273, 7274};EXA_PICO
883;{24979};pocahontas
884;{1969, 434, 25076};Red Dead
885;{25081};Darksiders
886;{73824, 72810, 78738, 1974, 62583, 6296, 11543};Xanadu
887;{25124};Candy Gliders
888;;Chessmaster
889;{25171};Project Runaway
890;;Full Metal Alchemist
891;{9721, 21570, 11595, 1239};Tekken
892;{68344, 5089, 21723, 76248};PAC-MAN
893;{2184, 7343};Yarn
894;{25230};Plants vs Zombies
895;{21888, 19468, 109594, 1182, 21713, 1114, 1115, 1116, 1117, 1118, 1119, 1120, 16476, 1123, 1124, 1125, 96485, 1127, 1128, 1129, 1130, 491, 1131, 1132, 1133, 1134, 1135, 1136, 1137, 1138, 1139, 1140, 1141, 1142, 9715, 1145, 1146, 1147, 1148, 1149, 21877};Castlevania
896;{25326};Toontown
897;{25533};No Rush
898;{25579};Lupin the Third
899;{25594};Summonds
900;{24320, 20996, 26514, 26515, 21406, 20510, 103335, 19634, 106294, 25921, 26180, 24262, 26439, 26440, 26441, 105030, 105031, 105032, 36814, 12633, 111330, 25699, 7275, 7276, 7277, 7278, 7279, 27121, 27122, 36855, 11513};Atelier
901;{25728, 28468};Tarzan
902;{25730};The War of the Worlds
903;{12143};Hitchhikers Guide to the Galaxy
904;{25781};The Wizard of Oz
905;{25839};bubble shooter
906;{25839};underwater
907;{6977, 6978, 26180, 25639, 28368, 26546, 111063, 67194, 44157};Dynasty Warriors
908;{25872};Bronz
909;{2428};Car Wars
910;{14783};Ogre
911;{25960};Super Dot Jump
912;{25982};Traveller
913;{25987};Zorro
914;{26156};Jumper Jape
915;{26173};AlsGames
916;{26185};GRID
917;{5870};Jucied
918;{19803};Ride
919;{22308};Gorky
920;{44120, 26252, 26253};Euro Truck Simulator
921;{26373, 26345, 26346, 15020, 26382, 21558, 23100};Arc the Lad
922;{26376, 26377, 108737, 26375};Moomins
923;{26383};Wild Arms
924;{2444};Risen
925;{68297, 26180, 41046};Dead or Alive
926;{26560, 26561, 26562};Pinky Street
927;{26606};Dungeon Fighter
928;{26621};Double Dragon
929;;Stok Kumaş Alanlar
930;;Parça Kumaş Alan
931;{25513};Pilot Brothers
932;{11005};PoPoLoCRoIS
933;{26659};Fisher Price
934;;Dont Delet
935;{11489};The Heroic Legend of Arslan
936;{17407};Castle
937;{26685};Blocky Bee
938;{26693};SMITE
939;{26731};Mega Bloks
940;;luchadores
941;{26788};Space Pilot (2016)
942;{49827, 109283, 1200, 69114, 6452, 26906, 18812};Tales of
943;{1346, 1227, 1228, 1229, 103340, 9553, 26805, 2364, 25021, 2366};Xeno
944;{26796};BT Studios
945;{26851};Mini Cleps
946;;kp
947;{26894};DarkwallLKE
948;{26895};Battle Supremacy
949;{26919};Beans Quest
950;{94752, 121, 110474, 94029};Minecraft
951;{26961};Atlantis
952;{26967};Infinitum
953;{27006};Kikai
954;{27026};Cytus
955;{56347, 27027};Dark Parables
956;{27028};Deemo
957;{27043};Flatout
958;{27073};Penny Racers
959;{27108, 27109};Umihara Kawase
960;{61583, 25657, 52887};Destiny
961;{113248, 54561, 54562, 54563, 54564, 57026, 113249, 11658, 11659, 77356, 24470, 96246, 27129};Yo-kai Watch
962;{27137, 27138, 27143, 27135};Viridescent Dragon
963;{27243, 27149};Doodle God
964;{100023};Q*bert
965;;Samorost
966;{27269};Arafinn
967;;2017
968;{10249};Driving Simulator
969;{27490};Super Lumi Live
970;{27521};Altar
971;{18818, 18453, 27533};Source mods
972;{27560, 27561, 27562};Marine Sharpshooter
973;{27595};Real War
974;{27647};kids games
975;{22059, 101439, 28951};Formula One
976;{27724};Orphan Black
977;{8200, 76425, 81291, 12300, 81292, 81293, 81294, 81295, 81190, 81191, 81192, 9898, 432, 81202, 15155, 436, 437, 438, 26423, 439, 440, 441, 442, 25660, 12982, 2359, 53815, 53816, 80961, 53826, 81349, 44102, 53832, 53833, 15318, 27355, 27356, 82022, 82023, 82024, 82025, 82026, 82027, 28028};Total War
978;{27731};OneTapp
979;{75675, 45113, 54696, 26740, 24373, 21464, 22457, 28859, 223};The Sims
980;{23011, 18598, 334, 21528, 23769, 27807};Zoo Tycoon
981;;magyar
982;{26801};Guilty Gear
983;{27872};Sunu Ikkibu
984;{19421};The Powerpuff Girls
985;;totally accrate battle simulator
986;;hay
987;{28156, 27993, 28004};KookyGames
988;{74176, 11844, 74793, 28010, 11852, 11853, 11857, 11858, 9721};God Eater
989;{28011, 28054};Mas3dStudi
990;;please
991;;carls peter
992;{28048, 21773};Kings Quest
993;{16695};Warmachine
994;{61091, 106820, 61095, 27239, 1963, 1966};Rayman
995;{26821, 7967};Colin McRae
996;{54593, 28089};Lucky Luke
997;{28123};running
998;{28178};Medusas Labyrinth
999;{28209, 74167};Warscape
1000;{28223};feeling terrible
1001;{28284};Jay and SIlent Bob
1002;{28371};Alive
1003;{113438, 28391};Bubble Bobble
1004;{10348};Ferrari
1005;{22049, 2275, 45829, 6184, 21387, 28398, 28399, 2066, 8248};Capcom
1006;{22049, 45829, 6184, 81146, 21387, 28398, 28399, 21530};SNK
1007;{20051};Sentinels of the Multiverse
1008;{28416, 68481, 28418, 68354, 68356, 68357, 68482, 68483, 68486, 69653, 76054, 75674, 75676, 113436, 113437, 76959, 76576, 113438, 85538, 28451, 28452, 85666, 85667, 85669, 67624, 78127, 75699, 75700, 75701, 75702, 75703, 75704, 75705, 75706, 75707, 76213, 85561, 103362, 103363, 82391, 68312, 68313, 68314, 69980, 85478, 28409, 70138, 28412, 67197, 67198};Arcade Archives
1009;{28435};Attack of the Killer Tomatoes
1010;{28703};Miami Vice
1011;{28757};big buck bunny
1012;{28811};The Parallax Ef
1013;{28813};Shadow block
1014;{28851};Highlander
1015;{30904, 8157, 8159};Masters of the Universe
1016;{29035, 29036};Short Circuit
1017;{8804, 27891, 330, 20106, 237, 28955, 1491, 1492, 1493, 1494, 1495, 1272, 1497, 1274, 1275, 20053, 20181, 18494};Sim
1018;{10373, 18197, 28950, 29143, 101177, 29529};Gunvolt
1019;{31187};The Hunt for Red October
1020;{29327};Seed Of The Arcane
1021;{36611, 36612};Pathfinder
1022;{36689, 36690, 36691, 36660, 36692};Love Live!
1023;{36699};Neckbeards
1024;{36728};Asuka 120%
1025;{22049};Capcom vs. SNK
1026;{36738};Ex-Mutants
1027;{22072, 78113, 71456};Gungrave
1028;{23409};Modern Combat
1029;{36752};Black Butler
1030;{36812};cardgame 28
1031;{36934};Occult Media
1032;{36947};MazinSaga
1033;{37150};323f
1034;{103020, 15};Fallout
1035;{18139};Michael Jackson
1036;{89571, 94085, 335, 83728, 348};Battlefield
1037;{26879};Werewolf: The Apocalypse
1038;{38658, 20060, 41042};Terra World
1039;{41058, 41053, 41055};The Seven Deadly Sins
1040;{47181, 39125, 39126};MASK
1041;{44073, 96139, 44529};Million Arthur
1042;{27330};White Wolf
1043;{3047, 36872, 82090, 8558, 74159, 78511, 19539, 7326, 26495};Forza
1044;{36506};Little Witch Academia
1045;{47160, 47158};DanMachi
1046;;GG
1047;{1887};Dragon Age
1048;{7349};Mass Effect
1049;{37184, 4674, 19272, 113434, 19902};Angry Birds
1050;{51457, 51458, 28835, 51459, 51461, 40263, 51463, 51464, 19958, 86425, 51453, 51454};Gintama
1051;{22401, 50923};Starship Troopers
1052;{48023};Hugo
1053;{51527};Ever Lasting Joy
1054;{51441, 45005, 7007};Dark Horse Comics
1055;;saaaaaaaas
1056;{10510, 42929, 12787, 68440, 26271};DC
1057;{52020};Epic Prose
1058;{47056};Ecco the dolphin
1059;{52745};Target of Desire
1060;{47367, 6601, 5075, 43677, 45501};NiGHTS into Dreams
1061;{6601, 5165, 43677, 47367};Samba de Amigo
1062;{21762};Dying Light
1063;{20863};Dishonored
1064;{86268, 1318};X-COM
1065;{54544};2step
1066;;Unreal Tournament
1067;{43677};Crazy Taxi
1068;{43677};Super Monkey Ball
1069;{43677};House of the Dead
1070;{9721, 43677};Virtua Fighter
1071;{1628};Kid Icarus
1072;;steven lee jjones
1073;{54722, 54637};Fighting in Aden Gulf
1074;{54652};Eternity Warriors
1075;{10049, 11351};Black Mirror
1076;{54663};Flåklypa Grand Prix
1077;{89552, 54709};Planet of the Apes
1078;{46114, 18141};Zillion
1079;{55024};Bullyparade
1080;{6864};dead rising
1081;{55045};The Man Called Merc
1082;{8248, 55064, 39314, 5766};darkstalkers
1083;{55064};okami
1084;{55096, 55097, 55094, 55095};Bob Morane
1085;{55238};JumpGuy
1086;{763, 54604, 2243, 2247};Newerth
1087;{56866, 56874};Papyrus
1088;{61582};Cyanide & Happiness
1089;{105056, 64206, 19958};Assassination Classroom
1090;{86425, 19958};Beelzebub
1091;{19958};Chinyūki: Tarō to Yukai na Nakama-tachi
1092;{19958};Dr. Slump
1093;{19958};Hell Teacher Nūbē
1094;{103288, 105056, 19958, 107319};Hunter x Hunter
1095;{86425, 19958};Kochira Katsushika-ku Kameari Kōen-mae Hashutsujo
1096;{86425, 19958};D.Gray-man
1097;{19958};Haikyū!!
1098;{86425, 19958};Kurokos Basketball
1099;{86425, 19958};Medaka Box
1100;{86425, 19958};Neuro: Supernatural Detective
1101;{19958};Nisekoi
1102;{19958};Pyu to Fuku! Jaguar
1103;;Add: Sakigake!! Otokojuku
1104;{19958};Sket Dance
1105;{19958};The Disastrous Life of Saiki K.
1106;{86425, 19958};Tottemo! Luckyman
1107;{19958};Toriko
1108;{86425, 19958};Sakigake!! Otokojuku
1109;;being kind
1110;{5474, 5575, 5833, 43338, 96209, 103377};FIFA
1111;{14725};Pillars of Eternity
1112;{68148};N/A
1113;;Dislocation
1114;{39244, 68463, 68391};Shadow Fight
1115;{68311};Nameko
1116;{68452};Shin Chan
1117;;co
1118;{23849};Psycho-Pass
1119;{71582};dragons prophet
1120;{66345, 48077};Peanuts
1121;{72425};The Little Prince
1122;{104518};None
1123;{45601, 27971, 46115, 64195, 55112, 64171, 74157, 29134, 74158, 48500, 103288, 48470, 48471, 42552, 64189};Fist of the North Star
1124;{74266};dark souls
1125;{74266};soul reaver
1126;{68708};2005 AtariAge Holiday Cart: Reindeer Rescue
1127;{54715};ZQGame Inc
1128;{74308};Myths of the Worl
1129;{56172};Mystery Case File
1130;{65755};Trailer Park King
1131;;Vermillion Watc
1132;{74312};Vermillion Watch
1133;{25795};Uncle Grandpa
1134;{25795};The Amazing World of Gumball
1135;{25795};Clarence
1136;{40263, 5455, 75733, 75734, 75735, 75736, 74748, 74749, 71390};Cobra
1137;{48363};Outlanders
1138;{46768, 6852};Kunio / Nekketsu High
1139;{51746, 8732, 2461};Gold Box Games
1140;{75279};Aurora: The Lost Medallion
1141;{75303};Hellanoid
1142;{58886};Yawara!
1143;{38896, 38897, 38898, 39228};Chaos Rings
1144;{65858, 38373, 74874, 20521, 37929, 66922, 48428, 66989, 75850, 75851, 49690, 63165};Metal Max
1145;{46402, 49129, 75852, 75853, 44462, 75856, 75857, 75858, 72691};Ranma ½
1146;{43816, 43817, 45411, 75860};Blue Breaker
1147;{61444, 72709, 69295, 66321, 69074, 69110, 72862};Haruhi Suzumiya
1148;{75873, 75874, 89550, 50586, 50576, 50585, 47418};Zoids
1149;{109264, 36601, 38321, 42567};Ultraman
1150;{75897, 43814, 41258, 75899, 44435, 75896, 36601, 46075};Patlabor
1151;{36601};Gamera
1152;{103288, 105056, 48500};City Hunter
1153;{76738, 48500};Captain Tsubasa
1154;{48500};Doberman Deka
1155;{5718, 24187, 3710};Airforce Delta
1156;{75986, 44922, 49173, 42439};Dungeon Quest
1157;{51683};Robotics Notes
1158;{17255, 51933, 30391, 76201, 76202, 309, 311, 313, 314, 316, 317, 319};Police Quest
1159;{45027, 43406, 112431};Cowboy Bebop
1160;{64951};Wedding Peach
1161;{42080, 48592};Valkyrie
1162;{33644};Roadclub
1163;{78464, 21610, 26924, 12077, 1426, 1427, 1428, 1429, 1430, 1431, 1432, 76243, 1402, 76244, 78461, 78462, 78463};Ace Attorney
1164;{59587};L.A. Noire
1165;{1402};Professor Layton
1166;{1576, 87683, 1582};Spyro the Dragon
1167;{76429};The X-Files
1168;{105056, 86425, 76428, 76852, 103288, 78489, 74300};My Hero Academia
1169;{55139, 55140, 55144, 55145, 76574, 76575};Medarot
1170;{76736, 105056, 97043, 103288};Black Clover
1171;{49570, 56515, 72678, 49447, 72680, 72681, 38316, 78157, 78158, 59958, 45435, 45436, 45437};Angelique
1172;{64882, 64891, 64893, 64886};Gunparade
1173;{42976, 72578, 22568, 65896, 63628, 78161, 72563, 68950, 5150, 50654, 7455};Sengoku Basara
1174;{964, 965, 9932, 10929, 9460, 9461, 9462, 15030, 77334, 29211, 86652};Stronghold
1175;{45959, 39628, 41779, 2518, 78427};Dragon Knight
1176;{78048, 78465, 78466, 78467, 57033, 57034, 18928, 56624, 78448, 77971};The Legend of Sword and Fairy
1177;{77403, 78087};Oh My Goddess!
1178;{38273, 77845};Soukou Kihei Votoms
1179;{78468, 78469, 78470, 78471};Ai Shimai
1180;{78472, 19465, 7268, 44279};Akibas Trip
1181;{78473, 78474, 78475, 78476, 78477};Akogare Girls Collection
1182;{14857, 78478, 20965, 71581};Alias Carnival!
1183;{44649, 51428, 72737};Angels Feather
1184;{43034, 56524};Asaki, Yumemishi
1185;{78491, 78492, 49735};Onmyou Taisenki
1186;{66192, 62803, 65174};ORE NO IMOUTO
1187;{78493, 78494, 78495};Oyako Donburi
1188;{78496, 72692};Otome wa Boku ni Koishiteru
1189;{113378, 22788, 13623};Granblue Fantasy
1190;{78628};Survival Studios
1191;{19644};Falling Skies
1192;{7259};Young Justice
1193;{79132};Adiboo
1194;{79135};PriMemory
1195;{79554};Cube Island
1196;{68570};Dresden Files
1197;;Next Generation series
1198;{45854};Heavy Metal
1199;{80012, 107150};OK K.O.! Lets Be Heroes
1200;{25823};Grimm
1201;{47318};Jade Empire
1202;;gangster
1203;;mafiagam
1204;{86349};Gangster Games
1205;{103288, 86425};Rurouni Kenshin
1206;{86425};Hoshin Engi
1207;{86425};Strawberry 100%
1208;{86425};Ninku
1209;{86425};Space Adventure Cobra
1210;{86425};Cats Eye
1211;{86425};Jigoku Sensei Nube
1212;{86425};Ginga Nagareboshi Gin
1213;{86425};Sexy Commando Gaiden: Sugoi yo!! Masaru-san
1214;{79942};MapleStory
1215;{86654};Left 4 Dead
1216;{87751};Valve
1217;{87185};Fish For Reel
1218;{5505};Transport Tycoon
1219;{87857};GameOnWheels
1220;{88388};Andrew The Tacolf
1221;{88953};Die letzte Schlacht der Elfen
1222;{87860};The Stormlight Archive
1223;{78728, 53651};Spellforce
1224;{89482};Purrtato
1225;{89570};DuelingGun
1226;{89983};Kabaneri of the Iron Fortress
1227;{90009, 90010};Record of Grancrest War
1228;{90101};Splatoon
1229;{90112};Tensei Shitara Slime Datta Ken
1230;{848, 18797};Rise of Nations
1231;{94869};Epic 90s Journey
1232;{94967};Club Penguin
1233;{95024};ColorBlend FX
1234;{87796};Code Geass
1235;{87796};Gurren Lagann
1236;{87796};Mazinger Z
1237;{87796};Cross Ange
1238;{87796};Buddy Complex
1239;{95691};Sandman Academy
1240;{67860};Prey
1241;{8288, 5508, 12649, 96369, 26940};The Banner Saga
1242;{61394};Kaiji
1243;{96146};LazyMonks Entertainment
1244;{97222, 7463};Sanrio
1245;{46288};ToeJam & Earl
1246;{21256};Hotel for Dogs
1247;{51448};Under Night In-Birth
1248;{95831};Utawarerumono
1249;{96394};Record of Lodoss War
1250;{79292};Macross
1251;{96400};Crest
1252;{96503};Hacker.exe
1253;{51448, 11636, 11637};BlazBlue
1254;{99043};eDomiantions
1255;{9280, 29097};Krosmoz
1256;{100554};GooseBumps
1257;{101058};Ant-Man
1258;;Welcome To Inventis
1259;{101188};Superhot
1260;;Rage
1261;{97269};Project Pastorate
1262;{38375, 45265, 105043, 105044, 105045, 105046};Magic Knight Rayearth
1263;{102111};Galactic Civilizations
1264;{102113};Rune
1265;{72497, 12301};Relic Hunters
1266;{44112, 10126, 53259, 2934};Pen & Paper
1267;{101608};Anima: Beyond Fantasy
1268;{84598};Monster Strike
1269;{102583};idk
1270;{102855};Chef Wars
1271;{74653};8-Bit Adventures
1272;{103171};Toonix
1273;{99073, 103210, 5567};Hitman
1274;{103261};Just Cause
1275;{44762, 38086, 38087};Fire Pro Wrestling
1276;{103292};Gears of War
1277;{103301};Wolfenstein
1278;{100545};Airport Simulator
1279;{103328};Vigor
1280;{103330};Nioh
1281;{103348};Rock Road
1282;{51799};Tropico
1283;{92550};Fable
1284;;Foo
1285;{103369};Kill la Kill
1286;{103496, 85949};Shiren the Wanderer
1287;{103496, 85949};Mystery Dungeon
1288;{49185, 71717, 77958, 65864, 71306, 19884, 71694, 92475};Devil Children
1289;{103512, 103513, 103511};Pokemon Mystery Dungeon
1290;{1347};The Darkness
1291;{42887};Story of Seasons
1292;{42887};Harvest Moon
1293;{72662};Front Mission
1294;{104280};The Inner Friend
1295;{104789};Mercenaries
1296;{104790};Namco Museum
1297;{86151};Hotel Transylvania
1298;{9437};UFO
1299;{9425, 11179, 28551};Skullgirls
1300;{60430};Venus Project
1301;{62013};Magica Wars
1302;{104980};Crayola
1303;{89074};PAW Patrol
1304;{26402, 36610, 44578, 11365, 8902, 11366, 97255, 9867, 9868, 9869, 9870, 9871, 9620, 7319, 7320, 36606};Neptunia
1305;{56225, 105022};Hot Gimmick
1306;{62674, 74222};Detective Case and Clown Bot
1307;{101452};Egg Time
1308;;Mahou Kishi Rayearth
1309;{105067};Kingdoms Forlorn
1310;{70777, 93286, 71670};Sorcerian
1311;{106040, 106041};Aquanauts Holiday
1312;{106047};Steer Clear
1313;;Liam
1314;;Fire Emblem Fates
1315;{106133};Pendula Swin
1316;{107084};Mythlands
1317;{49569, 109261};Pretty Cure
1318;{72650};My-Hime Project
1319;{55984};Blacksad
1320;{107230};cave digger
1321;;Langrisser
1322;{107272};Artix
1323;;Ghosting Gun
1324;;Xeno Gaming
1325;{109263};Super Sentai
1326;{57363};Best Fiends
1327;{109486};Defend The Towe
1328;;Stones of Yalmrit
1329;{83016, 44140};Redwall
1330;{50321, 55029};Age of Empires
1331;{110425, 110426, 110566};Scally
1332;{6077};194X
1333;{98405};AVARIA
1334;;taiko
1335;{25056};Black Moon Chronicles
1336;;1323445
1337;{109296, 6602};Space Channel 5
1338;{111160};syberia
1339;{111277};Chronicle of Innsmouth
1340;{111658};lesson
1341;{111743};Neg
1342;{111543};Aces of the Luftwaffe
1343;{81441, 112398};Dragon Ques
1344;{37016};Metro
1345;{18222};The Room
1346;{112599};The Curse of Dwight Periwinkle
1347;{112658};Queens Blade
1348;{112873};CastleDays WarHill
1349;;spiderman
1350;{108797};Stranger Things
1351;{113113, 26196};Crash Bandicoot
1352;{107655};Kemono Friends
1353;{113429};Genryu
1354;{60788};Higurashi When They Cry
1355;{113890};Timmy Time
1356;{114011};Playdius
1357;{114011};Midgar Studio
1358;{106237};Killer Instinct
1359;{38973};Beast Quest
1360;{112573};Bishi Bashi
1361;;Nintendo Sports
1362;{114770};GUNNM
1363;;Deathbulge
1364;;Data
1365;;Jump and run
1366;;Typing Chronicles
1367;;PlanetPlay Studios
1368;;Age of Fear
1369;;LiEat
1370;;Uglydoll
1371;;Aurore: Five Princes
1372;;Kouenji Joshi Soccer
1373;;Overlord
1374;;TO AKIMON
1375;;Ring of Fire
1376;;The Castles of Burgundy
1377;;fullybroKEN
1378;;White Day
1379;;player unknown battle ground
1380;;SAKD
1381;;New Super Mario Bros.
1382;;Boruto: Next Naruto Generations
1383;;Big Shot
1384;;DemonStar
1385;;You Fall You Lose
1386;;Dead Space
1387;;VSRG
1420;;The Residents
1421;;Divinity
1422;;Skyworld
1423;;WCW
1424;;Wheel of Fortune
1425;;Nebulas Lasso
1426;{901};Robert Jordan
1427;;freindly
1428;{117187};Revue Starlight
1429;;Burnout Paradise
1430;;Lineage
1431;;Aion
1432;{63283};Planes
1433;{47844};Frozen
1434;{74108};Pixar
1435;{112091};Doraemon
1436;;iii
1437;{117746};Grisaia
1438;;DreadOut
1439;{28830};The Snack World
1440;;Catherine
1441;;Scrap Arms
1442;;Trine
1443;{79331};Hayarigami
1444;;Action 69
1445;;John Wick
1446;{118316};Bakutsuri Bar Hunter
1447;;Brave Frontier
1448;;cody
1449;;Otakus Adventure
1450;{119146};NOEL the mortal fate
1451;;Kao the Kangaroo
1452;;Nasuverse
1453;;Super Web Kittens
1454;{119226};Jumanji
1455;{119277};Genshin Impact
1456;;Quake
1457;{119349};Cris Tales
1458;;Ni no Kuni
1459;;Empire of Sin
1460;;The Dark Crystal
1461;;The Longest Game Ever
1462;;DosQ
1463;;AdventureQuest
1464;{119929};One Punch Man
1465;;mobile
1466;;Far Cry
1467;;Yakuza
1468;;Bendy
1469;{120274};Mob Psycho 100
1470;{120545};Turok
1471;{120663};Aleste
1472;;Brány Skeldalu
1473;;Big Shot Basketball
1474;;Risk of Rain
1475;;Earth Defense Force
1476;;Metal Slug
1477;;the lion king
1478;;Inazuma Eleven
1479;;60 Seconds!
1480;{121197};American Dad!
1481;;This Is Football
1482;;Blake and Mortimer
1483;;Magicka
1484;;Microsoft Flight Simulator
1517;;Everspace
1518;;Pikmin
1519;;Dr. Jekyll and Mr. Hyde
1520;;Super Naughty Maid
1521;;Anohana
1522;;Ano Hi Mita Hana no Namae o Bokutachi wa Mada Shiranai
1523;;Rock n Rush
1524;{122248};FAIRY TAIL
1525;;Banjo & Kazooie
1526;;Rednex
1527;{122287};Four Seasons
1528;;Galaxy Express 999
1529;;Show do Milhão
1530;;Celeste
1531;{118707};CROSSED SWORDS
1532;;Lilo & Stitch
1533;;The Land Before Time
1534;;100 bullets
1567;{122711};Yoshi
1568;;Turma da Mônica
1569;;Nichijou
1570;;Aokana
1571;;PlayerUknowns Battlegrounds
1572;{120176, 124700, 124701};League of Legends
1573;;PUBG
1574;{125019};Icewind Dale
1575;;Team 17 Digital
1576;;Speed Buil
1577;;Yanosik
1578;;Tvardovsky
1579;{38153};Chibi Maruko-chan
1580;;KongFu
1581;;Space Hunter
1582;;Spa Mania
1583;;The Picture of Dorian Gray
1584;;motogp
1585;;K-ON!
1586;;La Jangada
1587;;Jules Verne
1588;;A Cats Night
1589;;Jewel Fever
1622;{125277};Alwa
1623;;SOUND VOLTEX
1624;;jubeat
1625;;Little Nemo
